nodes,score,level,RNA_data,RNA_input
A2M,1.3263795439338464,3,-0.3147684335708618,-0.3147684335708618
AANAT,-2.0040652221892903,3,-0.06928212195634842,-0.06928212195634842
ABL1,-1.3752451217007422,0,-0.015177327208220959,-0.015177327208220959
ABL2,-2.8114279049717226,1,-0.11294730752706528,-0.11294730752706528
ACVRL1,-1.5348773689290023,1,-0.07181975990533829,-0.07181975990533829
ADCY5,-1.8415649901915012,3,0.440786212682724,0.440786212682724
AEBP2_EED_EZH2_RBBP4_SUZ12,-1.2809493194460828,1,NA,NA
AIRE,-2.6246665716864293,0,-0.0656765028834343,-0.0656765028834343
AKAP12,-1.1626140553434672,2,-0.15789902210235596,-0.15789902210235596
AKT1,-1.0427004297788418,1,-0.04189423844218254,-0.04189423844218254
AKT1S1,-1.254519095373177,3,0.002142903860658407,0.002142903860658407
AKT3,1.1164401901177858,1,0.22091184556484222,0.22091184556484222
APAF1,1.6993915106695148,3,-0.022384656593203545,-0.022384656593203545
APEX1,-2.276804529467892,0,0.012060769833624363,0.012060769833624363
AR,-5.47599728191677,0,-0.026998775079846382,-0.026998775079846382
ARAF,-2.4824292619110446,2,-0.0966072604060173,-0.0966072604060173
AREG,-2.2687752069777627,2,-0.4941971004009247,-0.4941971004009247
ARHGAP24,1.7052626275791138,2,-0.11659575998783112,-0.11659575998783112
ARHGAP31,1.7052626275791138,2,0.036067429929971695,0.036067429929971695
ARHGAP35,1.7052626275791138,2,0.1707322597503662,0.1707322597503662
ARHGDIA,1.7052626275791138,2,-0.09786136448383331,-0.09786136448383331
ARHGEF2,-1.7052626275791138,2,-0.0038377016317099333,-0.0038377016317099333
ARID3A,-1.3353581542054989,0,-0.15072718262672424,-0.15072718262672424
ARID3A,-1.3353581542054989,0,-0.15072718262672424,-0.15072718262672424
ARNT,-3.319645596955991,1,-0.09170934557914734,-0.09170934557914734
ASXL1,-1.3505283362324507,0,-0.010671119205653667,-0.010671119205653667
ATF1,-3.4907037246465484,0,-0.12806572020053864,-0.12806572020053864
ATF2,-7.534094324503098,0,0.012710779905319214,0.012710779905319214
ATF3,-3.730848005182712,0,-0.2833488881587982,-0.2833488881587982
ATF3,-3.730848005182712,0,-0.2833488881587982,-0.2833488881587982
ATF3,-3.730848005182712,0,-0.2833488881587982,-0.2833488881587982
ATF6,-3.7439692709245507,0,-0.04868461191654205,-0.04868461191654205
ATF6,-3.7439692709245507,0,-0.04868461191654205,-0.04868461191654205
ATF6,-3.7439692709245507,0,-0.04868461191654205,-0.04868461191654205
ATM,-3.822128037131037,1,-0.02518102154135704,-0.02518102154135704
ATOH1,1.4730791425680874,0,0.06756904721260071,0.06756904721260071
ATR,-2.3739782379527594,1,-0.04363732412457466,-0.04363732412457466
AXIN1,-4.2671743053910385,1,-0.0351569801568985,-0.0351569801568985
BAD,-2.084887405738716,1,0.03251885622739792,0.03251885622739792
BCAR1,2.779024800526649,1,-0.011261619627475739,-0.011261619627475739
BCL2L1,-1.5512336342945823,3,-0.10880173742771149,-0.10880173742771149
BCL2L11,1.2251660955772996,3,-0.03433429077267647,-0.03433429077267647
BCL2L2,-1.2251660955772996,3,0.0742422416806221,0.0742422416806221
BCL3,-2.9029760679561543,0,-0.43789586424827576,-0.43789586424827576
BCL6,-1.472648045628807,0,-0.1477053314447403,-0.1477053314447403
BCR,1.3757164077257422,2,0.22014698386192322,0.22014698386192322
BDKRB2,-1.0032071014430868,3,-0.4698256850242615,-0.4698256850242615
BIRC5,-1.406650145281867,2,-0.024348050355911255,-0.024348050355911255
BLM,-2.084887405738716,1,0.0454995222389698,0.0454995222389698
BRCA1,-1.964524228590416,0,0.0027213566936552525,0.0027213566936552525
BTK,-1.9711695659888597,1,-0.19364102184772491,-0.19364102184772491
CAMP,-2.9362388825932357,2,-0.33844566345214844,-0.33844566345214844
CARD14,-1.5216661521329764,2,0.03297726437449455,0.03297726437449455
CARD8,-1.6993915106695148,3,-0.06847064942121506,-0.06847064942121506
CASP3,1.654277948312408,1,-0.046407196670770645,-0.046407196670770645
CASP6,1.971190197118697,1,-0.06325945258140564,-0.06325945258140564
CASP7,1.0692436803658185,1,-0.2479315847158432,-0.2479315847158432
CASP9,1.9983127475787843,2,0.056838780641555786,0.056838780641555786
CAV1,-1.4822639308167984,1,-0.537362813949585,-0.537362813949585
CBLB,2.7628074243548952,2,-0.13289344310760498,-0.13289344310760498
CCL5,-1.3780409197058952,3,-0.14514219760894775,-0.14514219760894775
CCNA2_CDK2,-3.2577997794261546,1,NA,NA
CCNB1_CDK1,-2.1242828977861747,1,NA,NA
CCR5,-2.2922804101024385,2,-0.3498426377773285,-0.3498426377773285
CD14,-2.2388687868342503,3,-0.44279754161834717,-0.44279754161834717
CD19,-1.7185230661612703,3,-0.07754028588533401,-0.07754028588533401
CD28,-1.8443778948803309,3,-0.28503942489624023,-0.28503942489624023
CD4,-1.3615714697903951,2,-0.2924315929412842,-0.2924315929412842
CDC25A,1.0906734505194162,2,0.0822802409529686,0.0822802409529686
CDK1,-2.408122834863802,1,-0.03305704891681671,-0.03305704891681671
CDK2,-1.249346541546568,1,-0.11551819741725922,-0.11551819741725922
CDK3,-2.3438536677416475,1,-0.03569869324564934,-0.03569869324564934
CDK5,-2.992063405483687,1,0.03805345296859741,0.03805345296859741
CDK5R1,1.9987521439409084,3,0.6119817495346069,0.6119817495346069
CDK7,-2.3960930702078778,1,-0.09597344696521759,-0.09597344696521759
CDK9,1.0793305669495588,1,0.020843377336859703,0.020843377336859703
CDKN1A,1.383730528443782,2,-0.2377907633781433,-0.2377907633781433
CDKN2AIP,-2.084887405738716,1,0.0032438316848129034,0.0032438316848129034
CEBPA,-5.961268779520595,0,-0.007331259548664093,-0.007331259548664093
CEBPB,-9.202241479543595,0,-0.46531856060028076,-0.46531856060028076
CHD4,-1.2654917868080615,0,4.269135242793709e-4,4.269135242793709e-4
CHKA,-2.549733659496124,2,0.08703259378671646,0.08703259378671646
CHN2,1.7052626275791138,2,0.23446781933307648,0.23446781933307648
CHUK_IKBKB_IKBKG,-2.723907438035846,1,NA,NA
CIITA,-2.279038602386945,0,-0.20061342418193817,-0.20061342418193817
CKS1B,-1.009385393013267,2,-0.08192308992147446,-0.08192308992147446
CLASP2,1.4884797992696408,3,0.3413403630256653,0.3413403630256653
CLOCK,-1.7515340214747128,0,0.01603788323700428,0.01603788323700428
COP1,2.400704975566408,1,-0.004048453643918037,-0.004048453643918037
CREB1,-3.394854903042723,0,0.0408654510974884,0.0408654510974884
CREBBP_EP300,-2.4311016510599006,1,NA,NA
CREBBP_EP300_KAT2B,-3.1381844820466367,1,NA,NA
CRK,-2.357672457331991,2,-0.013577880337834358,-0.013577880337834358
CRKL,1.7486937581449045,2,0.08038754761219025,0.08038754761219025
CRLF2,-2.2270802184081977,2,-0.13387846946716309,-0.13387846946716309
CSF1,-2.8890644806254833,3,-0.29865366220474243,-0.29865366220474243
CSF1R,-1.1217828094994589,3,-0.22821620106697083,-0.22821620106697083
CSF2,-2.8890644806254833,3,-0.24871663749217987,-0.24871663749217987
CSF2RA,-2.2270802184081977,2,-0.11337164044380188,-0.11337164044380188
CSF3,-2.8890644806254833,3,-0.49503451585769653,-0.49503451585769653
CSF3R,-4.184158236024708,2,-0.2602544128894806,-0.2602544128894806
CSNK2A1,1.4569147094501675,1,0.0557979941368103,0.0557979941368103
CSNK2B,-1.8199890509634253,1,-0.03315971791744232,-0.03315971791744232
CTNNB1,-3.7012938913568205,0,-0.12112706154584885,-0.12112706154584885
CUX1,1.5081766649344754,0,0.025784146040678024,0.025784146040678024
CXCL12,-1.3780409197058952,3,-0.16491129994392395,-0.16491129994392395
CXCR4,-2.2922804101024385,2,-0.3677947223186493,-0.3677947223186493
DAB2IP,2.593378538405306,1,0.08490303158760071,0.08490303158760071
DAPK1,-1.3937633031405297,1,0.10829047113656998,0.10829047113656998
DAPK3,-2.4763579749516964,1,-0.15192736685276031,-0.15192736685276031
DAXX,2.1032594138166076,0,-0.05680209398269653,-0.05680209398269653
DBP,-1.9400926172793305,0,0.06753522902727127,0.06753522902727127
DBP,-1.9400926172793305,0,0.06753522902727127,0.06753522902727127
DBP,-1.9400926172793305,0,0.06753522902727127,0.06753522902727127
DCN,2.549733659496124,2,-0.3700384497642517,-0.3700384497642517
DDIT3,-4.863882172688587,0,-0.22692760825157166,-0.22692760825157166
DDX17,-1.6766334685090942,1,0.026113424450159073,0.026113424450159073
DDX5,-2.6029031050202285,1,-0.02927425689995289,-0.02927425689995289
DLX5,-1.25667764884788,0,0.2828669548034668,0.2828669548034668
DNM2,-2.4064593759831556,3,-0.08021674305200577,-0.08021674305200577
DNMT1,-5.06869702172386,0,-0.06432567536830902,-0.06432567536830902
DNMT1,-5.06869702172386,0,-0.06432567536830902,-0.06432567536830902
DNMT1,-5.06869702172386,0,-0.06432567536830902,-0.06432567536830902
DNMT1,-5.06869702172386,0,-0.06432567536830902,-0.06432567536830902
DNMT1,-5.06869702172386,0,-0.06432567536830902,-0.06432567536830902
DNMT1,-5.06869702172386,0,-0.06432567536830902,-0.06432567536830902
DNMT1,-5.06869702172386,0,-0.06432567536830902,-0.06432567536830902
DNMT1,-5.06869702172386,0,-0.06432567536830902,-0.06432567536830902
DNMT1,-5.06869702172386,0,-0.06432567536830902,-0.06432567536830902
DNMT1,-5.06869702172386,0,-0.06432567536830902,-0.06432567536830902
DNMT1,-5.06869702172386,0,-0.06432567536830902,-0.06432567536830902
DNMT1,-5.06869702172386,0,-0.06432567536830902,-0.06432567536830902
DNMT3A,1.5501898186117224,0,0.10916672646999359,0.10916672646999359
DOCK1,-1.7052626275791138,2,-0.011418106965720654,-0.011418106965720654
DOCK7,-1.7052626275791138,2,-0.026040753349661827,-0.026040753349661827
DOK4,-1.001683096820725,2,0.06997688859701157,0.06997688859701157
DUSP1,-1.1377393808409888,2,-0.35638099908828735,-0.35638099908828735
DUSP4,-1.1377393808409888,2,-0.28064438700675964,-0.28064438700675964
DUSP6,-1.7685066280922235,1,-0.2614860534667969,-0.2614860534667969
DVL1,-4.413039018126448,1,0.04535580798983574,0.04535580798983574
DYRK1B,-1.4895569589484272,1,0.045708708465099335,0.045708708465099335
E2F1,-2.518846029440046,0,0.029195744544267654,0.029195744544267654
EGF,-2.153140086370583,2,-0.17477597296237946,-0.17477597296237946
EGFR,-5.288803908436656,1,0.2592655420303345,0.2592655420303345
EGLN2,2.8402235198187067,1,-0.022311514243483543,-0.022311514243483543
EGR1,-4.885656637997127,0,-0.2382182776927948,-0.2382182776927948
EIF2AK2,-3.4667473113424823,1,0.06623516231775284,0.06623516231775284
EIF2B1,1.7279179273649898,3,-0.035711053758859634,-0.035711053758859634
EIF2B2,1.7279179273649898,3,-0.018766865134239197,-0.018766865134239197
EIF2B3,1.7279179273649898,3,-0.05614924430847168,-0.05614924430847168
EIF2B4,1.7279179273649898,3,-0.01525997743010521,-0.01525997743010521
EIF2B5,1.7279179273649898,3,0.015019422397017479,0.015019422397017479
EIF2S2,2.0379178844846173,2,-0.09554234892129898,-0.09554234892129898
EIF4E,-3.3697857777290814,1,0.04076012969017029,0.04076012969017029
EIF4EBP1,1.5216661521329764,2,-0.2496967911720276,-0.2496967911720276
EIF4EBP2,1.5216661521329764,2,0.0933624878525734,0.0933624878525734
EIF4EBP3,-1.5216661521329764,2,-0.137459397315979,-0.137459397315979
ELK1,-3.281704820104167,0,-0.026967311277985573,-0.026967311277985573
ELK1,-3.281704820104167,0,-0.026967311277985573,-0.026967311277985573
ELK1,-3.281704820104167,0,-0.026967311277985573,-0.026967311277985573
ELK1,-3.281704820104167,0,-0.026967311277985573,-0.026967311277985573
ELK1,-3.281704820104167,0,-0.026967311277985573,-0.026967311277985573
ELK1,-3.281704820104167,0,-0.026967311277985573,-0.026967311277985573
ELK1,-3.281704820104167,0,-0.026967311277985573,-0.026967311277985573
ELK1,-3.281704820104167,0,-0.026967311277985573,-0.026967311277985573
ELK1,-3.281704820104167,0,-0.026967311277985573,-0.026967311277985573
ELK3,-2.1531849720743104,0,-0.26311904191970825,-0.26311904191970825
ELK3,-2.1531849720743104,0,-0.26311904191970825,-0.26311904191970825
ELK3,-2.1531849720743104,0,-0.26311904191970825,-0.26311904191970825
ELK3,-2.1531849720743104,0,-0.26311904191970825,-0.26311904191970825
ELK3,-2.1531849720743104,0,-0.26311904191970825,-0.26311904191970825
ELK4,-2.1953774883853208,0,-0.039069417864084244,-0.039069417864084244
ELK4,-2.1953774883853208,0,-0.039069417864084244,-0.039069417864084244
ELK4,-2.1953774883853208,0,-0.039069417864084244,-0.039069417864084244
ELK4,-2.1953774883853208,0,-0.039069417864084244,-0.039069417864084244
ELK4,-2.1953774883853208,0,-0.039069417864084244,-0.039069417864084244
ELMO1,-1.7052626275791138,2,0.12465619295835495,0.12465619295835495
EP300,-3.2815606280245233,0,-0.006704527884721756,-0.006704527884721756
EPHB2,-2.0533999914813355,2,0.12685346603393555,0.12685346603393555
EPN1,2.549733659496124,2,-0.006183394696563482,-0.006183394696563482
ERBB2,-1.744749645428536,1,-0.14448153972625732,-0.14448153972625732
ERBB4,-3.044443597779549,1,0.5268858075141907,0.5268858075141907
ERF,1.187071484199271,0,0.023787084966897964,0.023787084966897964
ERF,1.187071484199271,0,0.023787084966897964,0.023787084966897964
ERF,1.187071484199271,0,0.023787084966897964,0.023787084966897964
ESR1,-6.132816389062065,0,-0.0867587998509407,-0.0867587998509407
ESR2,-1.4693449252150503,1,-0.20036935806274414,-0.20036935806274414
ETS1,-12.50263066327742,0,-0.1494094431400299,-0.1494094431400299
ETV1,-3.463343947891089,0,0.1532990038394928,0.1532990038394928
ETV1,-3.463343947891089,0,0.1532990038394928,0.1532990038394928
ETV1,-3.463343947891089,0,0.1532990038394928,0.1532990038394928
ETV1,-3.463343947891089,0,0.1532990038394928,0.1532990038394928
ETV2,-2.191965685809702,0,0.007815257646143436,0.007815257646143436
ETV3,2.5476243886673404,0,-0.06915734708309174,-0.06915734708309174
ETV4,-5.14162947430822,0,-0.13736239075660706,-0.13736239075660706
ETV5,-4.082812875038339,0,-0.09258146584033966,-0.09258146584033966
ETV5,-4.082812875038339,0,-0.09258146584033966,-0.09258146584033966
F2R,-1.0032071014430868,3,-0.07461850345134735,-0.07461850345134735
FER,-2.5036522942096315,1,0.051282696425914764,0.051282696425914764
FES,-1.6786823358132894,3,-0.3069956600666046,-0.3069956600666046
FGFR1,1.7486937581449045,2,-0.11206357926130295,-0.11206357926130295
FH,-2.1927490528088973,1,-0.004533472936600447,-0.004533472936600447
FLI1,-2.4609087799537437,0,-0.12531936168670654,-0.12531936168670654
FLT3,-2.404156157799551,1,0.06967832893133163,0.06967832893133163
FOS,-8.240291489906703,0,-0.26593267917633057,-0.26593267917633057
FOS_JUN,-4.033146515718289,1,NA,NA
FOSL1,-2.0837686931492327,0,-0.3535611629486084,-0.3535611629486084
FOSL1,-2.0837686931492327,0,-0.3535611629486084,-0.3535611629486084
FOSL1,-2.0837686931492327,0,-0.3535611629486084,-0.3535611629486084
FOSL1,-2.0837686931492327,0,-0.3535611629486084,-0.3535611629486084
FOSL1,-2.0837686931492327,0,-0.3535611629486084,-0.3535611629486084
FOXA2,-2.4822996044790524,0,-0.1251722276210785,-0.1251722276210785
FOXC2,-2.1593925890870245,0,-0.23473621904850006,-0.23473621904850006
FOXM1,-4.352408374019006,0,0.016795391216874123,0.016795391216874123
FOXO1,-6.382803389852662,0,-0.07096979022026062,-0.07096979022026062
FOXO3,-3.4573106003335696,0,0.0214401725679636,0.0214401725679636
FOXO4,-2.0965663398438723,0,0.1979992538690567,0.1979992538690567
FOXO4,-2.0965663398438723,0,0.1979992538690567,0.1979992538690567
FOXO4,-2.0965663398438723,0,0.1979992538690567,0.1979992538690567
FOXO4,-2.0965663398438723,0,0.1979992538690567,0.1979992538690567
FOXO4,-2.0965663398438723,0,0.1979992538690567,0.1979992538690567
FOXO4,-2.0965663398438723,0,0.1979992538690567,0.1979992538690567
FOXO4,-2.0965663398438723,0,0.1979992538690567,0.1979992538690567
FOXO4,-2.0965663398438723,0,0.1979992538690567,0.1979992538690567
FOXO4,-2.0965663398438723,0,0.1979992538690567,0.1979992538690567
FOXO4,-2.0965663398438723,0,0.1979992538690567,0.1979992538690567
FOXO4,-2.0965663398438723,0,0.1979992538690567,0.1979992538690567
FOXO4,-2.0965663398438723,0,0.1979992538690567,0.1979992538690567
FOXO4,-2.0965663398438723,0,0.1979992538690567,0.1979992538690567
FOXO4,-2.0965663398438723,0,0.1979992538690567,0.1979992538690567
FOXO4,-2.0965663398438723,0,0.1979992538690567,0.1979992538690567
FOXP3,-1.1724852485291781,0,-0.09220648556947708,-0.09220648556947708
FOXP3,-1.1724852485291781,0,-0.09220648556947708,-0.09220648556947708
FOXP3,-1.1724852485291781,0,-0.09220648556947708,-0.09220648556947708
FRS2,-1.4946655936820192,2,0.0278204046189785,0.0278204046189785
FZD1,-1.257527896371733,2,-0.2995342016220093,-0.2995342016220093
FZD2,-1.257527896371733,2,0.008068175986409187,0.008068175986409187
FZD3,-1.107102000012064,2,0.045661039650440216,0.045661039650440216
FZD6,-2.0793988332834688,2,-0.2550360858440399,-0.2550360858440399
FZD8,-2.0545059886292725,3,-0.056420162320137024,-0.056420162320137024
GABPA,-3.554322689533042,0,-0.02063639834523201,-0.02063639834523201
GADD45A,3.052671948421261,2,-0.3034628629684448,-0.3034628629684448
GATA1,-3.5513554356000685,0,-0.018140748143196106,-0.018140748143196106
GATA2,-1.3410009180744151,0,0.1023741364479065,0.1023741364479065
GATA4,-1.8926106462608752,0,-0.05563328415155411,-0.05563328415155411
GATA4,-1.8926106462608752,0,-0.05563328415155411,-0.05563328415155411
GATA4,-1.8926106462608752,0,-0.05563328415155411,-0.05563328415155411
GATA6,-1.1781515219287373,0,-0.49322378635406494,-0.49322378635406494
GDNF,-1.7052626275791132,2,0.06688739359378815,0.06688739359378815
GFI1,4.684620722044801,0,-0.18060573935508728,-0.18060573935508728
GLI2,1.6194296793062029,0,0.0719849243760109,0.0719849243760109
GLI3,-1.6418282859119677,0,-0.05789312720298767,-0.05789312720298767
GLI3,-1.6418282859119677,0,-0.05789312720298767,-0.05789312720298767
GLI3,-1.6418282859119677,0,-0.05789312720298767,-0.05789312720298767
GLI3,-1.6418282859119677,0,-0.05789312720298767,-0.05789312720298767
GLI3,-1.6418282859119677,0,-0.05789312720298767,-0.05789312720298767
GLI3,-1.6418282859119677,0,-0.05789312720298767,-0.05789312720298767
GLI3,-1.6418282859119677,0,-0.05789312720298767,-0.05789312720298767
GLI3,-1.6418282859119677,0,-0.05789312720298767,-0.05789312720298767
GLI3,-1.6418282859119677,0,-0.05789312720298767,-0.05789312720298767
GLI3,-1.6418282859119677,0,-0.05789312720298767,-0.05789312720298767
GLI3,-1.6418282859119677,0,-0.05789312720298767,-0.05789312720298767
GLI3,-1.6418282859119677,0,-0.05789312720298767,-0.05789312720298767
GNAI1,-2.9472241917725506,2,0.19396920502185822,0.19396920502185822
GNAI2,-2.3497986304491345,2,-0.11433759331703186,-0.11433759331703186
GNAO1,-2.0793988332834688,2,0.4465242922306061,0.4465242922306061
GNAS,-2.3505568739572476,2,0.07057960331439972,0.07057960331439972
GRB14,1.116354706760921,2,-0.0015355518553406,-0.0015355518553406
GRB7,-1.4250504196789253,3,-0.21241478621959686,-0.21241478621959686
GRK2,-2.084887405738716,1,-0.058928169310092926,-0.058928169310092926
GRK5,2.084887405738716,1,-0.09544543921947479,-0.09544543921947479
GRM5,-1.4199345214763202,3,0.7216111421585083,0.7216111421585083
GRM7,-1.0130082916077103,3,0.7027495503425598,0.7027495503425598
GSK3A,1.039958899050054,1,0.05772422254085541,0.05772422254085541
GSK3B,-1.8551552493650687,1,0.06871074438095093,0.06871074438095093
GSN,-1.6993915106695148,3,-0.10841687023639679,-0.10841687023639679
GSTP1,-1.092131497302825,3,-0.029049117118120193,-0.029049117118120193
GTF2I,-2.0450257517719836,0,0.08047708123922348,0.08047708123922348
HCK,-2.988365241394266,1,-0.2696683704853058,-0.2696683704853058
HDAC1,-2.0791367552671063,0,-0.10551811754703522,-0.10551811754703522
HDAC2,-1.0266615977126607,1,0.07943248003721237,0.07943248003721237
HDAC6,1.5075243067382105,1,0.028734317049384117,0.028734317049384117
HDAC7,1.9013626557378458,0,-0.1689038872718811,-0.1689038872718811
HDAC8,2.084887405738716,1,-0.009696786291897297,-0.009696786291897297
HDAC9,2.338911141226612,0,0.07550357282161713,0.07550357282161713
HES1,-4.360035960941416,0,0.010081324726343155,0.010081324726343155
HES5,-1.5548701712683004,0,0.8126643896102905,0.8126643896102905
HGS,-1.6388432330401974,1,-0.052294518798589706,-0.052294518798589706
HIF1A,-10.560913105855748,0,-0.22504562139511108,-0.22504562139511108
HMGA1,-5.603251380516051,0,-0.15908768773078918,-0.15908768773078918
HMGA2,-4.3754533963119595,0,-0.2641344368457794,-0.2641344368457794
HNF1A,-1.6766334685090942,1,-0.03525581583380699,-0.03525581583380699
HNRNPD,-2.46097403228872,3,0.0012123147025704384,0.0012123147025704384
HNRNPK,-1.5647327704605727,1,-0.009133667685091496,-0.009133667685091496
HOXA1,-2.5770198227997736,0,-0.07625073939561844,-0.07625073939561844
HOXA1,-2.5770198227997736,0,-0.07625073939561844,-0.07625073939561844
HOXA10,-1.0860951928497065,0,0.14375264942646027,0.14375264942646027
HSF1,-6.449980758380994,0,-0.0630192756652832,-0.0630192756652832
HSP90AB1,-1.4356045474912151,1,-0.0067805079743266106,-0.0067805079743266106
HSPA1B,-1.7905147991333765,3,-0.2747819423675537,-0.2747819423675537
HSPB1,-1.6993710162668578,1,-0.3030320703983307,-0.3030320703983307
HTRA2,1.4904201254182694,3,0.005941839888691902,0.005941839888691902
ICAM1,-2.549733659496124,2,-0.45026183128356934,-0.45026183128356934
ID1,2.46491256781268,0,-0.05475641041994095,-0.05475641041994095
ID2,2.293377581809334,0,0.02347135730087757,0.02347135730087757
ID3,2.586133728207041,0,0.011215425096452236,0.011215425096452236
IFNAR1,-2.516699095403842,2,-0.03485310822725296,-0.03485310822725296
IFNAR1_IFNAR2,-3.5178042660329756,2,NA,NA
IFNAR2,-3.5178042660329756,2,-0.10180515050888062,-0.10180515050888062
IFNB1,-3.5178042660329756,2,0.10393212735652924,0.10393212735652924
IFNGR1,-2.2270802184081977,2,-0.08657708019018173,-0.08657708019018173
IGF2,-1.116354706760921,2,-0.03147503733634949,-0.03147503733634949
IKBKE,-4.216772110251114,1,-0.25138574838638306,-0.25138574838638306
IKBKG,-4.082877281375228,1,-0.06756619364023209,-0.06756619364023209
IKZF1,-1.3402753914637704,0,-0.07782245427370071,-0.07782245427370071
IKZF1,-1.3402753914637704,0,-0.07782245427370071,-0.07782245427370071
IKZF1,-1.3402753914637704,0,-0.07782245427370071,-0.07782245427370071
IKZF1,-1.3402753914637704,0,-0.07782245427370071,-0.07782245427370071
IKZF1,-1.3402753914637704,0,-0.07782245427370071,-0.07782245427370071
IKZF1,-1.3402753914637704,0,-0.07782245427370071,-0.07782245427370071
IKZF1,-1.3402753914637704,0,-0.07782245427370071,-0.07782245427370071
IL12A,-1.331181340879011,3,0.11680159717798233,0.11680159717798233
IL12B,-2.4399657109941524,3,-0.06031379848718643,-0.06031379848718643
IL12RB1,-2.2270802184081977,2,-0.1250123679637909,-0.1250123679637909
IL15RA,-4.222885939594208,2,-0.3265455663204193,-0.3265455663204193
IL2,-1.0326731069880442,3,-0.10304795205593109,-0.10304795205593109
IL2RG,-3.417269595740098,2,-0.34547626972198486,-0.34547626972198486
IL3,-1.331181340879011,3,0.03104633465409279,0.03104633465409279
IL3RA,-2.2270802184081977,2,-0.058319564908742905,-0.058319564908742905
IL6,-3.2399444414173537,3,-0.4226286709308624,-0.4226286709308624
IL6R,-2.2270802184081977,2,-0.17507608234882355,-0.17507608234882355
IL6R_IL6ST,-3.370490889783969,2,NA,NA
IL6ST,-3.2858247733585957,2,-0.0839657112956047,-0.0839657112956047
IL7R,-1.331181340879011,3,-0.5875314474105835,-0.5875314474105835
INS,-1.116354706760921,2,-0.009732616133987904,-0.009732616133987904
INSR,-2.609142930322558,1,-0.012971111573278904,-0.012971111573278904
IQGAP1,1.7052626275791138,2,-0.34985244274139404,-0.34985244274139404
IRF1,-6.398155179453457,0,-0.22202898561954498,-0.22202898561954498
IRF2,-2.988201820765497,0,-0.10717117041349411,-0.10717117041349411
IRF2,-2.988201820765497,0,-0.10717117041349411,-0.10717117041349411
IRF3,-4.682049943166867,0,-0.07518335431814194,-0.07518335431814194
IRF5,-1.9657818314665654,0,-0.1856093406677246,-0.1856093406677246
IRF5,-1.9657818314665654,0,-0.1856093406677246,-0.1856093406677246
IRF5,-1.9657818314665654,0,-0.1856093406677246,-0.1856093406677246
IRF5,-1.9657818314665654,0,-0.1856093406677246,-0.1856093406677246
IRF5,-1.9657818314665654,0,-0.1856093406677246,-0.1856093406677246
IRF5,-1.9657818314665654,0,-0.1856093406677246,-0.1856093406677246
IRF8,-4.0998190325548265,0,-0.08052381873130798,-0.08052381873130798
IRF8,-4.0998190325548265,0,-0.08052381873130798,-0.08052381873130798
IRF8,-4.0998190325548265,0,-0.08052381873130798,-0.08052381873130798
IRF8,-4.0998190325548265,0,-0.08052381873130798,-0.08052381873130798
IRS1,-1.9355352750085457,2,-0.060940660536289215,-0.060940660536289215
ISG15,-2.516699095403842,2,0.07281807065010071,0.07281807065010071
ITGB4,-1.3857670673790954,2,-0.14227424561977386,-0.14227424561977386
ITGB5,-1.3857670673790954,2,-0.29034799337387085,-0.29034799337387085
ITGB6,-1.3857670673790954,2,-0.18226651847362518,-0.18226651847362518
ITGB8,-1.3857670673790954,2,0.025368059054017067,0.025368059054017067
JAK1,-5.2274318891923945,1,-0.0358811691403389,-0.0358811691403389
JAK2,-4.688461066282471,1,-0.03338466212153435,-0.03338466212153435
JAK3,-4.80993455988892,1,-0.3668290972709656,-0.3668290972709656
JUN,-12.383113043441346,0,-0.24642705917358398,-0.24642705917358398
JUNB,-5.239780678093289,0,-0.32955384254455566,-0.32955384254455566
JUND,-6.362913655197469,0,-0.04553098976612091,-0.04553098976612091
JUND,-6.362913655197469,0,-0.04553098976612091,-0.04553098976612091
JUND,-6.362913655197469,0,-0.04553098976612091,-0.04553098976612091
JUND,-6.362913655197469,0,-0.04553098976612091,-0.04553098976612091
JUND,-6.362913655197469,0,-0.04553098976612091,-0.04553098976612091
JUND,-6.362913655197469,0,-0.04553098976612091,-0.04553098976612091
KAT2B,-1.0851837115005372,0,0.1571926772594452,0.1571926772594452
KAT5,-2.180162094734881,0,0.035516269505023956,0.035516269505023956
KAT8,-2.084887405738716,1,0.04158201441168785,0.04158201441168785
KDM4C,-3.3750326267382356,1,-0.05892461538314819,-0.05892461538314819
KDM5B,1.9637734891544745,0,0.041667643934488297,0.041667643934488297
KEAP1,1.628959805453856,1,-0.02726064994931221,-0.02726064994931221
KHSRP,-2.0533999914813355,2,-0.019030435010790825,-0.019030435010790825
KIT,-2.7879865304993445,1,0.28742915391921997,0.28742915391921997
KLF4,-3.3514045864725768,0,-0.2241942137479782,-0.2241942137479782
KMT2A,-1.6383351242875848,0,0.0925854742527008,0.0925854742527008
KMT5A,-2.084887405738716,1,-0.011775785125792027,-0.011775785125792027
KPNA2,-2.0694756965461267,1,-0.04590917378664017,-0.04590917378664017
LAT,-1.6330398790018978,3,-0.15132053196430206,-0.15132053196430206
LCK,-3.0695516885984775,1,-0.3810247778892517,-0.3810247778892517
LEPR,-3.7137010012612395,1,-0.06264311820268631,-0.06264311820268631
LHX2,-1.5003851595845932,0,0.1565362513065338,0.1565362513065338
LIF,-3.4362260497394597,3,-0.67662513256073,-0.67662513256073
LIFR,-4.184158236024708,2,0.12456526607275009,0.12456526607275009
LMTK2,2.4135332530290947,2,0.11249224096536636,0.11249224096536636
LRIG1,-1.4193791001739202,2,0.04911191388964653,0.04911191388964653
LRP5,-2.0247182813141222,2,0.19554734230041504,0.19554734230041504
LRP6,-2.759385590169275,2,0.13544780015945435,0.13544780015945435
LTBR,-2.6670382905178114,2,-0.2999570667743683,-0.2999570667743683
LYN,-1.7966731823895252,1,-0.22933408617973328,-0.22933408617973328
MAFK,1.7121792365897415,0,-0.11555174738168716,-0.11555174738168716
MAFK,1.7121792365897415,0,-0.11555174738168716,-0.11555174738168716
MAFK,1.7121792365897415,0,-0.11555174738168716,-0.11555174738168716
MAFK,1.7121792365897415,0,-0.11555174738168716,-0.11555174738168716
MAFK,1.7121792365897415,0,-0.11555174738168716,-0.11555174738168716
MAP2K3,-2.247120385180965,2,-0.20163150131702423,-0.20163150131702423
MAP2K7,-4.1649954061613865,2,-0.011571206152439117,-0.011571206152439117
MAP3K1,-3.802352593609014,1,0.028859248384833336,0.028859248384833336
MAP3K14,-5.506551608406652,1,-0.14168329536914825,-0.14168329536914825
MAP3K5,-2.255037260858678,2,-0.010143538005650043,-0.010143538005650043
MAP3K8,-1.662737906374072,2,-0.35462307929992676,-0.35462307929992676
MAP4K1,-2.4129087284701747,2,-0.18915487825870514,-0.18915487825870514
MAPK1,-6.4210444714986625,1,0.043539706617593765,0.043539706617593765
MAPK10,-1.353490622624281,1,0.2871764600276947,0.2871764600276947
MAPK11,-3.1081049664873657,1,0.10284946113824844,0.10284946113824844
MAPK14,-7.018805708470189,1,-0.06657037138938904,-0.06657037138938904
MAPK3,-5.15758901675317,1,0.044402461498975754,0.044402461498975754
MAPK7,-2.113969455042017,1,-0.058019042015075684,-0.058019042015075684
MAPK8,-4.9316866087366495,1,0.21955671906471252,0.21955671906471252
MAPK8IP3,-1.3799873476698297,2,0.17331041395664215,0.17331041395664215
MAPK9,-4.192582631010975,1,0.13182123005390167,0.13182123005390167
MAPKAPK5,-2.084887405738716,1,0.024485595524311066,0.024485595524311066
MARK2,-1.258098171592724,1,0.031139830127358437,0.031139830127358437
MAX,-1.491695627666567,0,-0.06868140399456024,-0.06868140399456024
MAZ,-1.508878173298921,0,0.0025035461876541376,0.0025035461876541376
MAZ,-1.508878173298921,0,0.0025035461876541376,0.0025035461876541376
MDM2,3.194526079846041,1,-0.19485309720039368,-0.19485309720039368
MDM4,2.084887405738716,1,0.09082932025194168,0.09082932025194168
MED1,-1.4807862496430384,0,0.0261123925447464,0.0261123925447464
MED1,-1.4807862496430384,0,0.0261123925447464,0.0261123925447464
MEF2B,-1.754296121714643,0,NA,NA
MEF2B,-1.754296121714643,0,NA,NA
MEF2B,-1.754296121714643,0,NA,NA
MEF2B,-1.754296121714643,0,NA,NA
MEF2C,1.5276790703651388,0,0.11803849041461945,0.11803849041461945
MEF2D,-2.7255673579291035,0,0.020266078412532806,0.020266078412532806
MEF2D,-2.7255673579291035,0,0.020266078412532806,0.020266078412532806
MEF2D,-2.7255673579291035,0,0.020266078412532806,0.020266078412532806
MEF2D,-2.7255673579291035,0,0.020266078412532806,0.020266078412532806
MEF2D,-2.7255673579291035,0,0.020266078412532806,0.020266078412532806
MEF2D,-2.7255673579291035,0,0.020266078412532806,0.020266078412532806
MEF2D,-2.7255673579291035,0,0.020266078412532806,0.020266078412532806
MEF2D,-2.7255673579291035,0,0.020266078412532806,0.020266078412532806
MEF2D,-2.7255673579291035,0,0.020266078412532806,0.020266078412532806
MEF2D,-2.7255673579291035,0,0.020266078412532806,0.020266078412532806
MEF2D,-2.7255673579291035,0,0.020266078412532806,0.020266078412532806
MIR17HG,1.2836541170758644,1,NA,NA
MITF,-3.964519858600154,0,-0.14645454287528992,-0.14645454287528992
MITF,-3.964519858600154,0,-0.14645454287528992,-0.14645454287528992
MITF,-3.964519858600154,0,-0.14645454287528992,-0.14645454287528992
MITF,-3.964519858600154,0,-0.14645454287528992,-0.14645454287528992
MITF,-3.964519858600154,0,-0.14645454287528992,-0.14645454287528992
MITF,-3.964519858600154,0,-0.14645454287528992,-0.14645454287528992
MITF,-3.964519858600154,0,-0.14645454287528992,-0.14645454287528992
MITF,-3.964519858600154,0,-0.14645454287528992,-0.14645454287528992
MKNK1,-1.5216661521329764,2,-0.0825079157948494,-0.0825079157948494
MKNK2,-1.5216661521329764,2,-0.19048602879047394,-0.19048602879047394
MMP2,-2.448010960101579,2,-0.08568798005580902,-0.08568798005580902
MRE11_NBN_RAD50,-1.7631960826379132,2,NA,NA
MSH2,-1.2948020575222916,2,0.08210716396570206,0.08210716396570206
MSX1,1.2379415258727395,0,-0.04477008804678917,-0.04477008804678917
MSX2,1.2898735767133669,0,-0.07545676082372665,-0.07545676082372665
MTA1,-3.144280726069841,0,0.04452233016490936,0.04452233016490936
MTNR1A,-3.1615091897608747,2,0.06367725878953934,0.06367725878953934
MTNR1B,-2.178482054073793,3,-0.10003390908241272,-0.10003390908241272
MTOR,-3.103682720025378,1,0.027645085006952286,0.027645085006952286
MVD,-1.7052626275791138,2,0.07149005681276321,0.07149005681276321
MXD1,1.3736790404438552,0,-0.17676705121994019,-0.17676705121994019
MXD1,1.3736790404438552,0,-0.17676705121994019,-0.17676705121994019
MXD1,1.3736790404438552,0,-0.17676705121994019,-0.17676705121994019
MXD1,1.3736790404438552,0,-0.17676705121994019,-0.17676705121994019
MXD1,1.3736790404438552,0,-0.17676705121994019,-0.17676705121994019
MXI1,-1.2841385377407986,0,0.10782573372125626,0.10782573372125626
MXI1,-1.2841385377407986,0,0.10782573372125626,0.10782573372125626
MYB,-8.091581363899039,0,-0.020293034613132477,-0.020293034613132477
MYC,-7.202073478943131,0,-0.29381781816482544,-0.29381781816482544
MYCBP2,2.487658639298916,1,0.10102761536836624,0.10102761536836624
NCOA1,-3.266403903507508,0,0.11717270314693451,0.11717270314693451
NCOA2,-1.573772263498882,0,0.06499465554952621,0.06499465554952621
NCOR1,3.8825873910300497,0,0.035474542528390884,0.035474542528390884
NCOR2,2.785134397953555,0,-0.06964117288589478,-0.06964117288589478
NEDD4L,4.210790534134207,1,0.1726405769586563,0.1726405769586563
NFAT5,-2.61135035773827,0,-0.06478595733642578,-0.06478595733642578
NFAT5,-2.61135035773827,0,-0.06478595733642578,-0.06478595733642578
NFAT5,-2.61135035773827,0,-0.06478595733642578,-0.06478595733642578
NFAT5,-2.61135035773827,0,-0.06478595733642578,-0.06478595733642578
NFAT5,-2.61135035773827,0,-0.06478595733642578,-0.06478595733642578
NFAT5,-2.61135035773827,0,-0.06478595733642578,-0.06478595733642578
NFATC1,-6.876978631703922,0,-0.0927392765879631,-0.0927392765879631
NFATC1,-6.876978631703922,0,-0.0927392765879631,-0.0927392765879631
NFATC1,-6.876978631703922,0,-0.0927392765879631,-0.0927392765879631
NFATC1,-6.876978631703922,0,-0.0927392765879631,-0.0927392765879631
NFATC1,-6.876978631703922,0,-0.0927392765879631,-0.0927392765879631
NFATC1,-6.876978631703922,0,-0.0927392765879631,-0.0927392765879631
NFATC1,-6.876978631703922,0,-0.0927392765879631,-0.0927392765879631
NFATC1,-6.876978631703922,0,-0.0927392765879631,-0.0927392765879631
NFATC1,-6.876978631703922,0,-0.0927392765879631,-0.0927392765879631
NFATC1,-6.876978631703922,0,-0.0927392765879631,-0.0927392765879631
NFATC1,-6.876978631703922,0,-0.0927392765879631,-0.0927392765879631
NFATC1,-6.876978631703922,0,-0.0927392765879631,-0.0927392765879631
NFATC1,-6.876978631703922,0,-0.0927392765879631,-0.0927392765879631
NFATC1,-6.876978631703922,0,-0.0927392765879631,-0.0927392765879631
NFATC1,-6.876978631703922,0,-0.0927392765879631,-0.0927392765879631
NFATC2,-6.504574374604252,0,-0.26352202892303467,-0.26352202892303467
NFATC4,-1.422096769366577,0,-0.1028701588511467,-0.1028701588511467
NFATC4,-1.422096769366577,0,-0.1028701588511467,-0.1028701588511467
NFATC4,-1.422096769366577,0,-0.1028701588511467,-0.1028701588511467
NFATC4,-1.422096769366577,0,-0.1028701588511467,-0.1028701588511467
NFATC4,-1.422096769366577,0,-0.1028701588511467,-0.1028701588511467
NFATC4,-1.422096769366577,0,-0.1028701588511467,-0.1028701588511467
NFATC4,-1.422096769366577,0,-0.1028701588511467,-0.1028701588511467
NFATC4,-1.422096769366577,0,-0.1028701588511467,-0.1028701588511467
NFATC4,-1.422096769366577,0,-0.1028701588511467,-0.1028701588511467
NFATC4,-1.422096769366577,0,-0.1028701588511467,-0.1028701588511467
NFE2L2,-5.834481078352176,0,-0.13695044815540314,-0.13695044815540314
NFIL3,-1.3011520506597987,0,-0.1796126514673233,-0.1796126514673233
NFKB1,-11.99044802442774,0,-0.19185343384742737,-0.19185343384742737
NFKB1_RELA,-4.781595373570355,1,NA,NA
NFKB2,-5.867488638327678,0,-0.31410735845565796,-0.31410735845565796
NFKBIA,2.277065788216301,2,-0.2620179057121277,-0.2620179057121277
NFYA,-1.1731320048799756,0,0.03497856855392456,0.03497856855392456
NKX3-1,-1.6810158783855254,0,-0.23801963031291962,-0.23801963031291962
NMI,-2.7879865304993445,1,-0.21609923243522644,-0.21609923243522644
NOD2,-5.383250449942921,2,-0.3703233599662781,-0.3703233599662781
NOLC1,-2.084887405738716,1,0.044874969869852066,0.044874969869852066
NOTCH1,-2.4655774654312874,0,0.10903728008270264,0.10903728008270264
NPM1,-1.8523338479341975,0,-0.12735949456691742,-0.12735949456691742
NR1H2,-1.4355236623097356,0,-0.049004778265953064,-0.049004778265953064
NR1H3,-3.674165172736062,0,-0.2024800330400467,-0.2024800330400467
NR1H4,-1.559252277755046,0,0.21611805260181427,0.21611805260181427
NR1H4,-1.559252277755046,0,0.21611805260181427,0.21611805260181427
NR1H4,-1.559252277755046,0,0.21611805260181427,0.21611805260181427
NR1I2,-1.7770425587417353,0,-0.10436450690031052,-0.10436450690031052
NR2F1,-2.1840330877571796,0,0.05184784531593323,0.05184784531593323
NR3C1,-3.5965406115525145,0,-0.038318827748298645,-0.038318827748298645
NR3C2,-4.933635880990959,0,0.2905672788619995,0.2905672788619995
NR4A3,-1.8338335015224845,0,-0.10455749183893204,-0.10455749183893204
NR5A1,-1.3938089051418374,0,0.07228732109069824,0.07228732109069824
NR5A1,-1.3938089051418374,0,0.07228732109069824,0.07228732109069824
NR5A1,-1.3938089051418374,0,0.07228732109069824,0.07228732109069824
NR5A1,-1.3938089051418374,0,0.07228732109069824,0.07228732109069824
NRBF2,-1.1768257403911684,3,-0.15917912125587463,-0.15917912125587463
NRIP1,-1.6803451735484913,1,-0.17397192120552063,-0.17397192120552063
NUAK1,-2.084887405738716,1,0.1021319255232811,0.1021319255232811
NUMA1,1.9407616227202042,2,0.032330919057130814,0.032330919057130814
NUMB,-1.2215149379198686,1,-0.0912712961435318,-0.0912712961435318
OTX2,1.325941781551206,0,-0.054940108209848404,-0.054940108209848404
OTX2,1.325941781551206,0,-0.054940108209848404,-0.054940108209848404
OTX2,1.325941781551206,0,-0.054940108209848404,-0.054940108209848404
OTX2,1.325941781551206,0,-0.054940108209848404,-0.054940108209848404
PAK2,-1.0550589279440608,1,-0.00884781964123249,-0.00884781964123249
PARP1,-3.30278894244935,1,0.04902839660644531,0.04902839660644531
PBK,-2.085278408406965,2,0.10237269848585129,0.10237269848585129
PDGFRB,-1.494324839124419,2,-0.14923952519893646,-0.14923952519893646
PDX1,2.3354356954881714,0,0.08536016196012497,0.08536016196012497
PDX1,2.3354356954881714,0,0.08536016196012497,0.08536016196012497
PDX1,2.3354356954881714,0,0.08536016196012497,0.08536016196012497
PDX1,2.3354356954881714,0,0.08536016196012497,0.08536016196012497
PEA15,-4.013748637949527,2,0.19016802310943604,0.19016802310943604
PGR,-3.8469514605513266,0,0.19064083695411682,0.19064083695411682
PHOX2A,2.6463209677641837,0,-0.042755644768476486,-0.042755644768476486
PIAS2,-1.9115853049151577,1,0.054024264216423035,0.054024264216423035
PIAS4,-1.0213908751689473,1,-5.568084816331975e-5,-5.568084816331975e-5
PIDD1,-2.00401450011941,2,-0.05259512737393379,-0.05259512737393379
PIK3AP1,-1.0315703733776895,3,-0.2650378346443176,-0.2650378346443176
PIK3C3,1.2715847352344285,2,0.06407836824655533,0.06407836824655533
PIK3CA,-1.1133625800924962,2,0.04347981512546539,0.04347981512546539
PIK3CG,-1.7052626275791138,2,-0.21663197875022888,-0.21663197875022888
PIK3R1,-1.4070081193593946,2,0.16451990604400635,0.16451990604400635
PIK3R2,-1.7052626275791138,2,0.06989213824272156,0.06989213824272156
PIK3R4,1.1768257403911684,3,-0.010580851696431637,-0.010580851696431637
PIM1,-3.7113172864135824,1,-0.24695119261741638,-0.24695119261741638
PKM,-3.7137010012612395,1,-0.23133064806461334,-0.23133064806461334
PLAG1,-1.8201399662525066,0,-0.166005477309227,-0.166005477309227
PLAG1,-1.8201399662525066,0,-0.166005477309227,-0.166005477309227
PLAG1,-1.8201399662525066,0,-0.166005477309227,-0.166005477309227
PLAGL1,-1.581590544789527,0,-0.2024146020412445,-0.2024146020412445
PLAGL1,-1.581590544789527,0,-0.2024146020412445,-0.2024146020412445
PLAGL1,-1.581590544789527,0,-0.2024146020412445,-0.2024146020412445
POU5F1,1.4975297634166655,0,-0.03433408588171005,-0.03433408588171005
POU5F1,1.4975297634166655,0,-0.03433408588171005,-0.03433408588171005
POU5F1,1.4975297634166655,0,-0.03433408588171005,-0.03433408588171005
POU5F1,1.4975297634166655,0,-0.03433408588171005,-0.03433408588171005
POU5F1,1.4975297634166655,0,-0.03433408588171005,-0.03433408588171005
POU5F1,1.4975297634166655,0,-0.03433408588171005,-0.03433408588171005
POU5F1,1.4975297634166655,0,-0.03433408588171005,-0.03433408588171005
POU5F1,1.4975297634166655,0,-0.03433408588171005,-0.03433408588171005
POU5F1,1.4975297634166655,0,-0.03433408588171005,-0.03433408588171005
POU5F1,1.4975297634166655,0,-0.03433408588171005,-0.03433408588171005
PPARA,-2.187158437838307,0,0.03096923790872097,0.03096923790872097
PPARD,-2.2154712387575755,0,-0.11231289803981781,-0.11231289803981781
PPM1D,-2.084887405738716,1,0.05861940607428551,0.05861940607428551
PPP1CA,4.019662984276767,1,-0.11065047234296799,-0.11065047234296799
PPP1CB,1.3622761654097808,1,-0.13167765736579895,-0.13167765736579895
PPP1CC,1.6343144247242325,1,0.023004354909062386,0.023004354909062386
PPP1R14A,-2.413341130372965,2,0.3048565983772278,0.3048565983772278
PPP1R15A,1.138251685698191,2,-0.29561445116996765,-0.29561445116996765
PPP1R1A,-1.138251685698191,2,0.5349302291870117,0.5349302291870117
PPP1R1B,-2.6343175084319967,2,0.4420490264892578,0.4420490264892578
PPP1R2,-2.4135332530290947,2,-0.05517364665865898,-0.05517364665865898
PPP1R9B,-1.3544566037729078,3,0.03651757538318634,0.03651757538318634
PPP2CA_PPP2R1A_PPP2R2B,1.4356045474912151,1,NA,NA
PPP2R5A,-1.5726504355672082,2,0.1253930926322937,0.1253930926322937
PPP2R5C,-1.2200079909846289,1,0.06986106187105179,0.06986106187105179
PRKAA1_PRKAA2_PRKAB1_PRKAB2_PRKAG1_PRKAG2_PRKAG3,-1.5408942200344093,1,NA,NA
PRKACA,-3.4956534841862634,1,-0.06926339864730835,-0.06926339864730835
PRKCA,-2.696043179258751,1,0.043549951165914536,0.043549951165914536
PRKCE,-4.207775775671763,1,0.2870051860809326,0.2870051860809326
PRKCQ,-1.4069556431403643,1,0.15811483561992645,0.15811483561992645
PRKCZ,-6.566315536934402,1,0.6936346292495728,0.6936346292495728
PRKD1,-2.5960082534214988,1,-0.031566232442855835,-0.031566232442855835
PRKDC,-2.2527807908970976,1,-0.02235949970781803,-0.02235949970781803
PRKN,1.3596549218060583,1,0.11932620406150818,0.11932620406150818
PRL,-1.331181340879011,3,0.032587889581918716,0.032587889581918716
PRLR,-2.2270802184081977,2,-0.27282223105430603,-0.27282223105430603
PRRX1,-2.8056872706993303,0,-0.19391101598739624,-0.19391101598739624
PTEN,3.4080460129391117,1,-0.03304571658372879,-0.03304571658372879
PTPN11,-3.319171564754037,1,0.09610924124717712,0.09610924124717712
PTPN5,-2.9067369079862515,2,0.824921190738678,0.824921190738678
PTPN6,2.809840710954404,1,-0.2515106201171875,-0.2515106201171875
PTPN7,3.1615091897608747,2,-0.26631611585617065,-0.26631611585617065
PTPRA,-1.2992047206912474,2,0.10591486841440201,0.10591486841440201
PTPRR,3.7137010012612395,1,0.6853787899017334,0.6853787899017334
PZP,1.3263795439338464,3,0.11734592914581299,0.11734592914581299
RAC1,-3.7137010012612395,1,-0.004312111064791679,-0.004312111064791679
RACK1,-3.7137010012612395,1,-0.1444631665945053,-0.1444631665945053
RAF1,1.030694622241536,2,0.011618043296039104,0.011618043296039104
RANBP2,-1.2088541373840513,1,-0.03915001451969147,-0.03915001451969147
RANGAP1,-1.593086731800451,2,0.11947023123502731,0.11947023123502731
RARA,-5.568022179283636,0,-0.07906798273324966,-0.07906798273324966
RARG,-3.962894037161414,0,-0.10820861160755157,-0.10820861160755157
RASGRF1,-1.7052626275791138,2,0.8783486485481262,0.8783486485481262
RASGRF2,-1.7052626275791138,2,0.3429984152317047,0.3429984152317047
RB1CC1,-2.084887405738716,1,0.07644389569759369,0.07644389569759369
RBPJ,-1.6906031017015324,0,0.014245654456317425,0.014245654456317425
REL,-8.271465927959738,0,-0.159860298037529,-0.159860298037529
REL,-8.271465927959738,0,-0.159860298037529,-0.159860298037529
REL,-8.271465927959738,0,-0.159860298037529,-0.159860298037529
REL,-8.271465927959738,0,-0.159860298037529,-0.159860298037529
RELA,-12.57756937506397,0,-0.0784924328327179,-0.0784924328327179
RELB,-4.53087451177392,0,-0.3363039791584015,-0.3363039791584015
RELB,-4.53087451177392,0,-0.3363039791584015,-0.3363039791584015
RELB,-4.53087451177392,0,-0.3363039791584015,-0.3363039791584015
RELB,-4.53087451177392,0,-0.3363039791584015,-0.3363039791584015
RELB,-4.53087451177392,0,-0.3363039791584015,-0.3363039791584015
RELB,-4.53087451177392,0,-0.3363039791584015,-0.3363039791584015
RELB,-4.53087451177392,0,-0.3363039791584015,-0.3363039791584015
RELB,-4.53087451177392,0,-0.3363039791584015,-0.3363039791584015
RELB,-4.53087451177392,0,-0.3363039791584015,-0.3363039791584015
RET,-3.7137010012612395,1,0.3357391059398651,0.3357391059398651
RFWD3,-2.084887405738716,1,-0.07638878375291824,-0.07638878375291824
RFX5,-3.9242398019394242,0,0.04433976858854294,0.04433976858854294
RIN1,-2.549733659496124,2,-0.3320164978504181,-0.3320164978504181
RND1,-2.357672457331991,2,0.3508800268173218,0.3508800268173218
RNF111,-4.655417471575741,1,-0.04558588191866875,-0.04558588191866875
ROCK1,1.3125498800641344,1,-0.06722531467676163,-0.06722531467676163
RPL13A,1.072978933706641,2,-0.04461551457643509,-0.04461551457643509
RPS6KA1,-1.9332698856765114,1,-0.14277154207229614,-0.14277154207229614
RPS6KA3,-2.2187056954333553,1,-0.13660836219787598,-0.13660836219787598
RPS6KA4,-3.991014684516354,1,-0.02845192514359951,-0.02845192514359951
RPS6KA5,-4.340903076837876,1,0.16431114077568054,0.16431114077568054
RPS6KB2,-1.0650300026064823,1,-0.09035100042819977,-0.09035100042819977
RPTOR,1.3797632821030155,2,-0.01392415165901184,-0.01392415165901184
RRAS,1.003917831552165,3,-0.3113051652908325,-0.3113051652908325
RUNX1,-5.469776407020342,0,-0.4353020489215851,-0.4353020489215851
RUNX2,-5.536999253425975,0,-0.4183536171913147,-0.4183536171913147
RXRA,-3.9829392687423466,0,-0.02448168583214283,-0.02448168583214283
RXRB,-1.941403671363114,0,0.035271745175123215,0.035271745175123215
S1PR1,-2.178482054073793,3,0.15932238101959229,0.15932238101959229
SATB1,3.778775734983203,0,0.26601409912109375,0.26601409912109375
SDC4,-2.0161539160431934,2,-0.35817745327949524,-0.35817745327949524
SETD2,-2.7879865304993445,1,0.041062671691179276,0.041062671691179276
SFN,-2.446631938422233,1,-0.0978909507393837,-0.0978909507393837
SKIL,3.8243593476025413,0,-0.017719151452183723,-0.017719151452183723
SMAD1,-5.746685703259449,0,-0.014731303788721561,-0.014731303788721561
SMAD2,-6.029926885427308,0,0.0200320016592741,0.0200320016592741
SMAD3,-9.11523554649461,0,-0.010279392823576927,-0.010279392823576927
SMAD4,-6.901960994905462,0,0.051727961748838425,0.051727961748838425
SMAD7,6.100833517064953,0,-0.03586018085479736,-0.03586018085479736
SMARCA1,-2.3401508920902847,0,-0.01190187968313694,-0.01190187968313694
SNAI1,5.130232602545484,0,-0.34954023361206055,-0.34954023361206055
SNAI1,5.130232602545484,0,-0.34954023361206055,-0.34954023361206055
SNAI1,5.130232602545484,0,-0.34954023361206055,-0.34954023361206055
SNAI1,5.130232602545484,0,-0.34954023361206055,-0.34954023361206055
SNAI1,5.130232602545484,0,-0.34954023361206055,-0.34954023361206055
SNAI1,5.130232602545484,0,-0.34954023361206055,-0.34954023361206055
SNAI1,5.130232602545484,0,-0.34954023361206055,-0.34954023361206055
SNAI1,5.130232602545484,0,-0.34954023361206055,-0.34954023361206055
SOCS3,-2.3705056983348722,1,-0.5028457045555115,-0.5028457045555115
SOS1,-1.7052626275791138,2,0.05311857908964157,0.05311857908964157
SOX9,2.050063987994868,0,0.048772525042295456,0.048772525042295456
SP1,-12.057651792944649,0,-0.05591541901230812,-0.05591541901230812
SP3,-6.674338414642262,0,-0.04568535462021828,-0.04568535462021828
SP7,-5.272732833367106,0,0.09797998517751694,0.09797998517751694
SP7,-5.272732833367106,0,0.09797998517751694,0.09797998517751694
SP7,-5.272732833367106,0,0.09797998517751694,0.09797998517751694
SPI1,-11.616786751335244,0,-0.2820175290107727,-0.2820175290107727
SPRY2,-2.2511119793359544,3,-0.16596700251102448,-0.16596700251102448
SRC,-4.364513153742216,1,0.0740385428071022,0.0740385428071022
SRF,-4.48534911929998,0,-0.11292363703250885,-0.11292363703250885
SRSF2,2.5820189913995613,0,-0.03857415169477463,-0.03857415169477463
SRSF2,2.5820189913995613,0,-0.03857415169477463,-0.03857415169477463
SRSF2,2.5820189913995613,0,-0.03857415169477463,-0.03857415169477463
STAP1,-2.609142930322558,1,-0.09615522623062134,-0.09615522623062134
STAT1,-9.139303084613386,0,-0.010477118194103241,-0.010477118194103241
STAT2,-3.7220067427032046,0,-0.10917795449495316,-0.10917795449495316
STAT3,-11.60595314214804,0,-0.1393713802099228,-0.1393713802099228
STAT4,-3.5728902097211868,0,0.013008926063776016,0.013008926063776016
STAT4,-3.5728902097211868,0,0.013008926063776016,0.013008926063776016
STAT4,-3.5728902097211868,0,0.013008926063776016,0.013008926063776016
STAT4,-3.5728902097211868,0,0.013008926063776016,0.013008926063776016
STAT4,-3.5728902097211868,0,0.013008926063776016,0.013008926063776016
STAT4,-3.5728902097211868,0,0.013008926063776016,0.013008926063776016
STAT5A,-8.658394757088555,0,-0.23998327553272247,-0.23998327553272247
STAT5B,-5.7121872503811035,0,0.008701839484274387,0.008701839484274387
STAT5B,-5.7121872503811035,0,0.008701839484274387,0.008701839484274387
STAT5B,-5.7121872503811035,0,0.008701839484274387,0.008701839484274387
STAT5B,-5.7121872503811035,0,0.008701839484274387,0.008701839484274387
STAT5B,-5.7121872503811035,0,0.008701839484274387,0.008701839484274387
STAT5B,-5.7121872503811035,0,0.008701839484274387,0.008701839484274387
STAT5B,-5.7121872503811035,0,0.008701839484274387,0.008701839484274387
STAT5B,-5.7121872503811035,0,0.008701839484274387,0.008701839484274387
STAT5B,-5.7121872503811035,0,0.008701839484274387,0.008701839484274387
STAT5B,-5.7121872503811035,0,0.008701839484274387,0.008701839484274387
STAT5B,-5.7121872503811035,0,0.008701839484274387,0.008701839484274387
STAT5B,-5.7121872503811035,0,0.008701839484274387,0.008701839484274387
STAT5B,-5.7121872503811035,0,0.008701839484274387,0.008701839484274387
STAT5B,-5.7121872503811035,0,0.008701839484274387,0.008701839484274387
STAT6,-6.852870920403659,0,-0.2423294633626938,-0.2423294633626938
STK11,-2.4104047764590195,1,-0.0516924150288105,-0.0516924150288105
STK39,-3.486494789085338,2,0.06834457069635391,0.06834457069635391
STK4,-1.5428347906722883,1,-0.056494541466236115,-0.056494541466236115
SYK,-2.0956911109671865,1,-0.2124837040901184,-0.2124837040901184
TAF1,-1.1560362275102884,0,-0.012020491063594818,-0.012020491063594818
TAL1,-1.2658204239484998,0,0.22628895938396454,0.22628895938396454
TBK1,-5.09848889846093,1,-0.0739978551864624,-0.0739978551864624
TBP,-3.442665397501153,0,0.0183279886841774,0.0183279886841774
TBP,-3.442665397501153,0,0.0183279886841774,0.0183279886841774
TBP,-3.442665397501153,0,0.0183279886841774,0.0183279886841774
TBP,-3.442665397501153,0,0.0183279886841774,0.0183279886841774
TBP,-3.442665397501153,0,0.0183279886841774,0.0183279886841774
TBX21,-3.8975813928008862,0,-0.030756071209907532,-0.030756071209907532
TBX3,1.4685218020790982,0,0.1705312877893448,0.1705312877893448
TCF7,-3.5368318544218877,0,-0.04169906675815582,-0.04169906675815582
TCF7L2,-4.856939241629165,0,0.04312922805547714,0.04312922805547714
TCF7L2,-4.856939241629165,0,0.04312922805547714,0.04312922805547714
TCF7L2,-4.856939241629165,0,0.04312922805547714,0.04312922805547714
TCF7L2,-4.856939241629165,0,0.04312922805547714,0.04312922805547714
TCF7L2,-4.856939241629165,0,0.04312922805547714,0.04312922805547714
TCF7L2,-4.856939241629165,0,0.04312922805547714,0.04312922805547714
TCF7L2,-4.856939241629165,0,0.04312922805547714,0.04312922805547714
TCF7L2,-4.856939241629165,0,0.04312922805547714,0.04312922805547714
TCF7L2,-4.856939241629165,0,0.04312922805547714,0.04312922805547714
TCF7L2,-4.856939241629165,0,0.04312922805547714,0.04312922805547714
TCF7L2,-4.856939241629165,0,0.04312922805547714,0.04312922805547714
TCF7L2,-4.856939241629165,0,0.04312922805547714,0.04312922805547714
TCF7L2,-4.856939241629165,0,0.04312922805547714,0.04312922805547714
TCF7L2,-4.856939241629165,0,0.04312922805547714,0.04312922805547714
TDG,-1.930871617448311,1,-0.040927812457084656,-0.040927812457084656
TEAD4,-1.2313530611820296,0,-0.27451497316360474,-0.27451497316360474
TEAD4,-1.2313530611820296,0,-0.27451497316360474,-0.27451497316360474
TFAP2A,-3.3976500863833174,0,-0.07598280161619186,-0.07598280161619186
TFAP2A,-3.3976500863833174,0,-0.07598280161619186,-0.07598280161619186
TFDP1,-2.4011658665729168,0,-0.026639586314558983,-0.026639586314558983
TFDP1,-2.4011658665729168,0,-0.026639586314558983,-0.026639586314558983
TFDP1,-2.4011658665729168,0,-0.026639586314558983,-0.026639586314558983
TFDP1,-2.4011658665729168,0,-0.026639586314558983,-0.026639586314558983
TGFA,-2.2687752069777627,2,-0.041049253195524216,-0.041049253195524216
TGFB1,-2.2161897111663675,1,-0.2336856871843338,-0.2336856871843338
TGFBR1,-3.465334194270544,1,-0.09532663226127625,-0.09532663226127625
THY1,-1.4884797992696286,3,0.015516728162765503,0.015516728162765503
TIAM1,-1.7052626275791138,2,0.016563313081860542,0.016563313081860542
TNF,-1.5670932762781928,1,-0.10224917531013489,-0.10224917531013489
TNFRSF1B,-1.092131497302825,3,-0.33408400416374207,-0.33408400416374207
TP53,-7.241896462149627,0,-0.054910629987716675,-0.054910629987716675
TP53BP1,-1.2208649792566535,1,0.044382769614458084,0.044382769614458084
TP53BP2,-2.084887405738716,1,0.09115514904260635,0.09115514904260635
TP53RK,-2.084887405738716,1,-0.034888822585344315,-0.034888822585344315
TP63,-4.456725383703,0,-0.10853619873523712,-0.10853619873523712
TP73,-3.0170345793373636,0,0.03008493036031723,0.03008493036031723
TRAF2,-1.8942287419404862,2,-0.04829864576458931,-0.04829864576458931
TRAF6,1.5811069257229058,1,-0.010787060484290123,-0.010787060484290123
TRRAP,-2.0701976452629145,1,-0.00616820901632309,-0.00616820901632309
TSC1_TSC2,1.4833942357871088,2,NA,NA
TUB,-4.013748637949527,2,0.32976195216178894,0.32976195216178894
TUBB,3.1381844820466367,1,-0.04354777932167053,-0.04354777932167053
TWIST1,-2.7401045718936863,0,-0.23684045672416687,-0.23684045672416687
TXN,-5.166441271480793,1,-0.14649027585983276,-0.14649027585983276
TYK2,-5.070716871646699,1,-0.08436743170022964,-0.08436743170022964
ULK1,-1.3334029751969434,2,0.035595767199993134,0.035595767199993134
USF1,-5.009376281677528,0,-0.0017822285881265998,-0.0017822285881265998
USF2,-4.84907924970866,0,-0.018177444115281105,-0.018177444115281105
USP14,-1.3780409197058952,3,-0.04138427972793579,-0.04138427972793579
USP4,-1.5726504355672082,2,-0.042909253388643265,-0.042909253388643265
VAV1,-3.718045156434028,2,-0.25746452808380127,-0.25746452808380127
VAV2,-1.7052626275791138,2,-0.11620418727397919,-0.11620418727397919
VAV3,-1.7052626275791138,2,-0.13608264923095703,-0.13608264923095703
VDR,-6.152992693667763,0,-0.6509021520614624,-0.6509021520614624
VEGFA,-2.549733659496124,2,-0.2758139669895172,-0.2758139669895172
WNK1,-1.5744325414865248,3,0.03397971764206886,0.03397971764206886
WNT4,-2.4333705502258187,3,-0.026696372777223587,-0.026696372777223587
WWOX,-1.9595708587375118,1,0.07565317302942276,0.07565317302942276
XBP1,-3.6782523037071297,0,-0.24084600806236267,-0.24084600806236267
XBP1,-3.6782523037071297,0,-0.24084600806236267,-0.24084600806236267
XBP1,-3.6782523037071297,0,-0.24084600806236267,-0.24084600806236267
XBP1,-3.6782523037071297,0,-0.24084600806236267,-0.24084600806236267
XBP1,-3.6782523037071297,0,-0.24084600806236267,-0.24084600806236267
XIAP,-1.406650145281867,2,-0.02477150224149227,-0.02477150224149227
YAP1,-1.6672742362936177,0,-0.1912117749452591,-0.1912117749452591
YWHAZ,-3.240351548538049,2,-0.03703485429286957,-0.03703485429286957
ZAP70,-1.678024073854456,2,-0.197159543633461,-0.197159543633461
ZBTB16,-1.9105967473607084,0,0.12409462779760361,0.12409462779760361
ZFPM1,-1.1442208214236749,0,-0.06042453274130821,-0.06042453274130821
ZFYVE9,-3.1381844820466367,1,0.18679861724376678,0.18679861724376678
ZMIZ1,-1.2534323027326584,1,0.05586754158139229,0.05586754158139229
ZNF148,-1.5039891444674418,0,0.017753716558218002,0.017753716558218002
